[
  {
    "libraryIdentifier" : "c386993633b520956ec0b26face2f25e",
    "format" : "image",
    "displayName" : "LTFC AR BG.png"
  },
  {
    "libraryIdentifier" : "b02587d1071472e8e2e2424bfbf787df",
    "format" : "image",
    "displayName" : "Mona_Lisa.jpeg"
  },
  {
    "libraryIdentifier" : "cb16d4649be6769efc85f1ac9f816697",
    "format" : "image",
    "displayName" : "1214px-Whistlers_Mother_high_res.jpeg"
  },
  {
    "libraryIdentifier" : "5539c6fb969443cf0b26be6d8a803f77",
    "format" : "image",
    "displayName" : "1364px-Van_Gogh_-_Starry_Night_-_Google_Art_Project.jpeg"
  },
  {
    "libraryIdentifier" : "0339d02b1e19a681d2dda5eaea3a8f9d",
    "format" : "image",
    "displayName" : "887px-David_-_Napoleon_crossing_the_Alps_-_Malmaison2.jpeg"
  },
  {
    "libraryIdentifier" : "b9182bdacda57fdbe70e923b35716944",
    "format" : "image",
    "displayName" : "912px-1665_Girl_with_a_Pearl_Earring.jpeg"
  }
]